Name,Email,PhoneNo
Najmee M,shahidpathan@gmail.com,919988776655
Payal Adlakha,payal.adlakha@gmail.com,919876543210
OFFICIAL BABLU,bablukumar@gmail.com,919765432109
Shahrukh Khan,sharukh82@gmail.com,919654321098
gollayha.k,prabhakar@gmail.com,919543210987
Kashish,kashish11@gmail.com,919432109876
Sanchita Agarwal,sanchitaa@gmail.com,919321098765
Ambro,amrasamr@gmail.com,919210987654
Mukesh Kumar,mukeshsah@gmail.com,919109876543
jahan ara,gayasuddin@gmail.com,918998765432
Anuj Kumar,anujk5099@gmail.com,918887654321
Umar Hayat,umarhayat@gmail.com,918776543210
Aishna Sara,anshusara@gmail.com,918665432109
A P O O, narkhedeap@gmail.com,918554321098
देव दूंगी राजपूत,bablukumar.p@gmail.com,918443210987
Bhavik,bhavikkhan@gmail.com,918332109876
hArsh,tharsh637@gmail.com,918221098765
Devikamen,devikamen@gmail.com,918110987654
upendra Prasad,upendra.pr@gmail.com,917999876543
keshav Sharma,sonika177@gmail.com,917888765432
Bikash Pradhan,bikashprac@gmail.com,917777654321
Ajit Kumar,ajit586243@gmail.com,917666543210
Ghanshyam,ghanshyam@gmail.com,917555432109
Vinita Vinod,vinitasakp@gmail.com,917444321098
jubin,jammycha@gmail.com,917333210987
Aman Sharma,bhavnasha@gmail.com,917222109876
Harshit Darji,Harshitdahi@gmail.com,917111098765
Pratibha Jain,pratibhjain@gmail.com,917000987654
Kumud Prajapati,kumudbai@gmail.com,916999876543
Gaurav Arora,house199@gmail.com,916888765432
JAYANTA CHAKRABORTY,jchakrabor@gmail.com,916777654321
Jasbir Baghel,jasbeer01@gmail.com,916666543210
Nand Kishore,nkr8235@gmail.com,916555432109
C Gunasekaran,gunamani@gmail.com,916444321098
Isfakur Rahman,munnarahman@gmail.com,916333210987
Rajesh Gupta,rajesh.gupta@gmail.com,916222109876
Priya Singh,priyasingh@gmail.com,916111098765
Mohammed Ali,ali.mohammed@gmail.com,916000987654
Sneha Patel,sneha.patel@gmail.com,915999876543
Rahul Verma,rahul.verma@gmail.com,915888765432
Anita Desai,anita.desai@gmail.com,915777654321
Vikram Joshi,vikram.joshi@gmail.com,915666543210
Meera Reddy,meera.reddy@gmail.com,915555432109
Arun Kapoor,arun.kapoor@gmail.com,915444321098
Pooja Mehta,pooja.mehta@gmail.com,915333210987
