5l_8l,mba,Anirudh Anand,8089119087,anirudhanand@gmail.com,Kottayam,Kerala
5l_8l,mba,Gauridhan Singh,9195797922,spandhar@gmail.com,Hinganghat,Maharashtra
5l_8l,mba,Krishna Meena,9163634510,krishnameena@gmail.com,Dausa,Rajasthan
5l_8l,mba,Malupula Srinivas,9191345678,malupula@gmail.com,Khammam,Telangana
5l_8l,mba,Apurva Patel,9180101234,apurvapatel@gmail.com,Pune,Maharashtra
5l_8l,mba,Subhijit,9188833122,palanivelu@gmail.com,Trichy,Tamil Nadu
5l_8l,mba,Soumya Singh,9179087654,soumyarpr@gmail.com,Kolkata,West Bengal
5l_8l,mba,Abhishek Prasad,9179291888,abhishekprasad@gmail.com,Karnal,Haryana
5l_8l,mba,Ali Bashar,9170012345,aliam020@gmail.com,Bangalore,Karnataka
5l_8l,mba,Swati Rane,9178076543,swatir675@gmail.com,Mohali,Punjab
5l_8l,mba,Jyoti Kumari,9184345678,jyotisingh@gmail.com,Ranchi,Jharkhand
5l_8l,mba,Namita Jain,9189563214,nadeemsyed@gmail.com,Nagpur,Maharashtra
5l_8l,mba,Hana Fatima,9194478521,fatima@gmail.com,Kannur,Kerala
5l_8l,mba,Sachin Jain,9193812345,sachinjha@gmail.com,Kolkata,West Bengal
5l_8l,mba,Deepa Dhingra,9194021234,deepa@gmail.com,Delhi,Delhi
5l_8l,mba,Saanvi Dubey,9162654321,sanskriti@gmail.com,Bhopal,Madhya Pradesh
5l_8l,mba,Maya,9176765432,mahendra@gmail.com,Mysore,Karnataka
5l_8l,mba,Devi,7902300000,devi@gmail.com,Kayamkulam,Kerala
5l_8l,mba,Gowthami,9176801111,gurugubell@gmail.com,Visakhapatnam,Andhra Pradesh
5l_8l,mba,Pushpendra,9181076543,pushpendra@gmail.com,Rishikesh,Uttarakhand
5l_8l,mba,Kanan Mehta,9179065432,kananmehta@gmail.com,Roorkee,Uttarakhand
5l_8l,mba,Azim Ansari,8247592000,azim@gmail.com,Andheri,Maharashtra
5l_8l,mba,Devanshi H,9190081122,holkardevanshi@gmail.com,Indore,Madhya Pradesh
5l_8l,mba,Sneha Chouhan,7897336644,snehachouhan@gmail.com,Allahabad,Uttar Pradesh
5l_8l,mba,Saheb Alam,7488905221,alammdsaheb@gmail.com,Ranchi,Jharkhand
5l_8l,mba,Chandu,9178421234,chandrika@gmail.com,Hyderabad,Telangana
5l_8l,mba,Chamar Devkumar,9162045678,devkumar@gmail.com,Deoghar,Jharkhand
5l_8l,mba,Vaishnavi,9198501123,vaishnavi@gmail.com,Nagpur,Maharashtra
5l_8l,mba,Akshay Singh,9193245678,singhakku@gmail.com,Domibivli,Maharashtra
5l_8l,mba,Aditya Gupta,9199332211,adityagupta@gmail.com,Siliguri,West Bengal
5l_8l,mba,Tarun Kar,9188701234,tarunkar@gmail.com,Chennai,Tamil Nadu
5l_8l,mba,Azhar Rizvi,9173765432,azhar@gmail.com,Lucknow,Uttar Pradesh
5l_8l,mba,Sanyam Jain,9184459876,sanyam@gmail.com,Meerut,Uttar Pradesh
5l_8l,mba,Swaminath,9193456789,swami@gmail.com,Chennai,Tamil Nadu
5l_8l,mba,Santu,9183023456,santu@gmail.com,Udaipur,Rajasthan
5l_8l,mba,Prince Kumar,9173705678,nitish124@gmail.com,Gaya,Bihar
5l_8l,mba,Khushi Soni,9182945678,khushi999@gmail.com,Ahmedabad,Gujarat
5l_8l,mba,Hetvi Jaiswal,9187801234,hetvi190@gmail.com,Surat,Gujarat
5l_8l,mba,Roshini,9198190000,yroshini3@gmail.com,Tirupati,Andhra Pradesh
5l_8l,mba,Sagarika,8260905000,sagarika@gmail.com,Sonepur,Odisha
5l_8l,mba,Dai Sengra,9197071234,kingsengra@gmail.com,India,India
5l_8l,mba,Rohit Patil,9187923456,rpatilgroup@gmail.com,Bangalore,Karnataka
5l_8l,mba,Shubhi,9199934567,guptashubhi@gmail.com,Korba,Chhattisgarh
5l_8l,mba,Pongkey H,9193624567,hatchapon@gmail.com,Khonsa,Arunachal Pradesh
5l_8l,mba,Rony Mon,8590582000,nonyms@gmail.com,Ponkunnam,Kerala
5l_8l,mba,Shivraj Barik,9193735012,shivraj@gmail.com,Solapur,Maharashtra
5l_8l,mba,Thakor Ki,9196012345,9999651@gmail.com,Gujarat,Gujarat
5l_8l,mba,Lakshmi,9187023456,lakshmipriya@gmail.com,Kadapa,Andhra Pradesh
5l_8l,mba,Purnima Swain,8658613418,purnimaswain.coo@gmail.com,Jagatsinghpur,Odisha
5l_8l,mba,Yadhasvi Sharma,9770552799,atulsharmaashta@gmail.com,Ashta,Madhya Pradesh
5l_8l,mba,Tirath Verma,7067404040,ateerathraj@gmail.com,Chhatarpur,Madhya Pradesh
5l_8l,mba,Bassu P,9113059294,basavaraj9113059294@gmail.com,Belgaum,Karnataka
5l_8l,mba,Gopal Saha,7908039743,sahag4683@gmail.com,Siliguri,West Bengal
5l_8l,mba,Akash,,akashcyclist@gmail.co,Thiruvananthapuram,Kerala
5l_8l,mba,Deepak Khairnar,7218051028,deepakkhairnar58@gmail.com,Dhule,Maharashtra
5l_8l,mba,Sujit Bairagi,9732684333,lababairagi950@gmail.com,Balichak,West Bengal
5l_8l,mba,Jagadeesh S,6302069408,sellajagadeesh@gmail.com,Bengaluru,Karnataka
5l_8l,mba,Mannat Jain,9996518802,mannatj67@gmail.com,Jagadhri,Haryana
5l_8l,mba,Aayush Shaini,7425869896,635ayushchauhan@gmail.com,Rajasthan,Rajasthan
5l_8l,mba,Hema Gowda,9353862546,hemamuniraju04@gmail.com,Bangalore,Karnataka
5l_8l,mba,Ankit Raj,9006532648,ankitraj62076@gmail.com,Bihar,Bihar
5l_8l,mba,Gangaraj Y,8217475259,gangrajgangraj34@gmail.com,Davangere,Karnataka
5l_8l,mba,Ram,8197747511,rp9655903@gmail.com,Bangalore,Karnataka
5l_8l,mba,Riddhi,8305221881,riddhishukla1525@gmail.com,Raipur,Chhattisgarh
5l_8l,mba,Rakesh Kasana,7737646713,yesiamonly761@gmail.com,Kotputli,Rajasthan
5l_8l,mba,Nikhil Tiwari,8839666468,tiwarinikhil883966@gmail.com,Rewa,Madhya Pradesh
5l_8l,mba,Mandala Chandrasekhar,8886117382,mchandrasekhar2003@gmail.com,Kavali,Andhra Pradesh
5l_8l,mba,Prem Singh Rathore,9413549960,rathorejjn@gmail.com,Jhunjhunu,Rajasthan
5l_8l,mba,Mahesh,9515426724,maheshmahiips7@gmail.com,Nellore,Andhra Pradesh
5l_8l,mba,Yash,6398806961,yashsherawat17@gmail.com,Muzaffarnagar,Uttar Pradesh
5l_8l,mba,Vijay Kumar,7780127894,jvkvijju1@gmail.com,Visakhapatnam,Andhra Pradesh
5l_8l,mba,Anushka,9555876270,anushka.singh8102004@gmail.com,Varanasi,Uttar Pradesh
5l_8l,mba,Akanksha Vyavahare,9623102934,vyavahareakanksha88@gmail.com,Solapur,Maharashtra
5l_8l,mba,Aaditya,8160723430,aditya.ravrani1901@gmail.com,Ahmedabad,Gujarat
5l_8l,mba,Shivam Verma,9410491532,shivamverma.akv@gmail.com,Rampur,Uttar Pradesh
5l_8l,mba,Abhay Dhumal,7057882695,abhaydhumal007@gmail.com,Jeur,Maharashtra
5l_8l,mba,Sonu Singh Rajput,7482968770,ssr596326@gmail.com,Patna,Bihar
5l_8l,mba,Sree,9177960493,gsrinija1408@gmail.com,Hyderabad,Telangana
5l_8l,mba,Pranav,6238800731,pranavsg731@gmail.com,Angamaly,Kerala
5l_8l,mba,Aayushi,9351985946,ayushimahawar308@gmail.com,Alwar,Rajasthan
5l_8l,mba,Nitesh,9353538140,niteshm5353@gmail.com,Bengaluru,Karnataka
5l_8l,mba,Obito Uchiha,8248380810,sunilbharathgayleuniversesboss@gmail.com,Tirunelveli,Tamil Nadu
5l_8l,mba,Rudraksh Soni,9351617838,sonirudraksh@gmail.com,Jaipur,Rajasthan
5l_8l,mba,Vivek Singh Rajput,9123894216,vs6765887@gmail.com,Kolkata,West Bengal
5l_8l,mba,Tushvini,9054730699,tushvinib@gmail.com,Gujarat,Gujarat
5l_8l,mba,Saatvik,9686783500,satvikthedracion@gmail.com,Bangalore,Karnataka
5l_8l,mba,Harsha Bajaj,7987026831,harshabajaj252@gmail.com,Bhopal,Madhya Pradesh
5l_8l,mba,Fakkriappa Goni,7026173270,gonipakirapp@gmail.com,Fakriappa,Karnataka
5l_8l,mba,Somya,9910260229,somyamathur1730@gmail.com,Noida,Uttar Pradesh
5l_8l,mba,Lokesh Meena,8798756575,kshajj2542@gmail.com,Rajshahi,Unknown
5l_8l,mba,Harish Pradhan,8417047560,harish8417047560h@gmail.com,Ghazipur,Uttar Pradesh
5l_8l,mba,Sanjiv,9528739600,Sunil313670@mail.com,Saharanpur,Uttar Pradesh
5l_8l,mba,Sneha Saha,9907224334,snehasaha610@gmail.com,Ranaghat,West Bengal
5l_8l,mba,Shinjini Sen,9748307474,shinjinisen2003@gmail.com,Kalyani,West Bengal
5l_8l,mba,Vhabav Sonvane,9226471081,ratanaggx@gmai.com,Bhusawal,Maharashtra
5l_8l,mba,Teluram,9050194541,jitender.rawat1991@gmail.com,Mathura,Uttar Pradesh
5l_8l,mba,Logesh Raja,7603812540,logeshraja1805@gmail.com,Kanchipuram,Tamil Nadu
5l_8l,mba,Kamli,9024789029,vimasharma@gmail.com,Jaipur,Rajasthan
5l_8l,mba,Sushil Mathur,8863892253,nikkikumar0820@gmail.com,Unknown,Unknown
5l_8l,mba,Sachin Pandey,9369981762,shivanipandeyshivanipandey759@gmail.com,Ayodhya,Uttar Pradesh
5l_8l,mba,Priya,7742685423,priyarao.00032@gmail.com,Jaipur,Rajasthan
5l_8l,mba,Gayatri,9392822083,gayatrichityala0824@gmail.com,Rangareddy,Telangana
5l_8l,mba,Abhishek Gurjar,9406528878,abhishekmahana1432@gmail.com,Indore,Madhya Pradesh
5l_8l,mba,Sajid,9557480476,asadansari9557805694@gmail.com,Unknown,Unknown
5l_8l,mba,Shyam Kumar,7631353260,rajshyamkumar396@gmail.com,Madhubani,Bihar
5l_8l,mba,Riya Chatterjee,6290843288,suchitramajumdaar@gmail.com,Kolkata,West Bengal
5l_8l,mba,Ghanshyam Kujur,6267215356,ghanshyamkujur809@gmail.com,Raigarh,Chhattisgarh
5l_8l,mba,Mithilesh Kumar,8271512366,mpandey.info@gmail.com,Naudiha,Bihar
5l_8l,mba,Akshay Nayak,7978093794,akshaykumarnayak76849@gmail.com,Mohana,Odisha
5l_8l,mba,Rammohan Gurjar,9630344622,kulldepsharma11@gmail.com,Gwalior,Madhya Pradesh
5l_8l,mba,Juber Tyagi,9368189546,tyagij749@gmail.com,Baraut,Uttar Pradesh
5l_8l,mba,Narujwalikar,9850430509,narujwalikar123@gmail.com,Mumbai,Maharashtra
5l_8l,mba,Daya Shankar,9646937534,chootrjpoot@gmail.com,Mohali,Punjab
5l_8l,mba,Kumar Masum,9525266536,masumstm2000@gmail.com,Sitamarhi,Bihar
5l_8l,mba,Payal Koshti,9924004375,koshtipayal20@gmail.com,Ahmedabad,Gujarat
5l_8l,mba,MR Gupta,9523077294,rajaryan1maner@gmail.com,Patna,Bihar
5l_8l,mba,Bhanddas Shinde,9923084877,gitachomde2023@gmail.com,Aurangabad,Maharashtra